,Age,Experience,Income,Family,CCAvg,Education,Mortgage,Securities Account,CD Account,Online,CreditCard,Y_Accept_Loan
0,30,6,191,2,4.4,2,0,0,0,1,0,1
1,43,19,58,2,3.2,1,0,0,0,1,0,0
2,50,25,99,1,4.6,1,368,1,1,0,1,1
3,29,3,91,1,3.4,3,0,0,0,0,0,1
4,34,4,83,4,4.0,3,0,0,0,1,0,0
5,33,9,125,1,4.3,3,0,0,0,1,0,1
6,28,3,149,1,0.8,1,0,0,0,1,0,0
7,46,22,74,3,0.7,1,0,0,0,1,0,0
8,34,9,123,1,1.6,2,0,0,0,1,0,1
9,28,2,182,3,7.2,2,442,0,1,1,1,1
10,52,26,155,3,7.2,2,0,0,0,1,0,1
11,54,28,49,4,2.8,2,0,1,0,0,0,0
12,29,4,184,4,2.2,3,612,0,0,1,0,1
13,51,24,189,4,4.75,2,0,0,0,1,0,1
14,51,26,72,1,2.9,1,0,0,0,0,0,0
15,42,16,64,3,0.5,3,247,0,0,0,0,0
16,35,9,109,3,4.0,1,0,0,0,0,0,1
17,32,8,104,2,3.7,1,0,0,0,0,1,1
18,34,8,165,1,7.0,3,541,0,0,0,0,1
19,27,1,141,4,5.1,3,354,0,0,0,0,1
20,65,41,154,2,4.6,2,0,1,1,1,1,1
21,37,13,58,2,0.6,3,0,0,0,0,1,0
22,29,3,123,3,5.6,3,428,0,0,1,0,1
23,57,31,25,2,0.7,2,103,0,0,0,0,0
24,65,40,143,4,6.6,2,0,0,0,1,0,1
25,43,17,64,4,3.0,3,221,0,0,1,0,1
26,49,25,8,1,0.3,1,97,0,0,0,0,0
27,54,29,111,1,1.1,2,0,0,0,1,0,1
28,47,22,40,3,2.7,2,0,0,0,1,0,0
29,43,19,170,4,4.25,1,318,0,1,1,1,1
30,38,13,129,4,4.4,1,140,0,0,0,0,1
31,26,2,172,2,6.9,2,0,0,0,1,0,1
32,52,27,135,1,0.6,1,452,0,0,1,0,0
33,59,35,39,1,1.8,3,0,0,0,1,0,0
34,49,23,134,2,6.3,1,0,0,0,1,0,0
35,49,25,161,3,6.5,2,485,1,1,0,0,1
36,62,37,11,1,0.1,1,0,0,0,1,0,0
37,54,28,170,2,6.2,2,325,0,0,1,0,1
38,38,8,71,4,1.8,3,0,0,0,1,0,0
39,46,22,18,1,0.9,3,0,0,0,1,0,0
40,30,4,110,1,2.9,3,0,0,0,1,0,0
41,53,28,192,2,6.4,3,0,0,0,0,0,1
42,34,9,40,4,2.0,2,0,0,0,1,1,0
43,35,11,190,3,3.1,2,266,0,0,0,0,1
44,50,26,22,4,0.5,2,112,0,0,1,0,0
45,63,37,145,2,6.9,1,0,0,0,1,0,0
46,52,28,54,4,0.1,3,0,0,0,0,1,0
47,35,8,48,2,1.67,2,0,0,0,1,0,0
48,60,34,21,3,0.3,3,129,0,0,1,0,0
49,24,0,88,3,0.8,1,134,0,0,0,0,0
50,58,34,90,1,3.6,2,0,0,0,0,0,1
51,56,32,190,3,2.2,1,0,0,1,1,0,1
52,32,7,98,1,4.2,1,171,1,1,0,0,1
53,57,31,61,1,2.2,3,0,0,0,0,0,0
54,27,2,170,3,4.7,1,0,0,0,1,0,1
55,57,31,131,3,0.6,1,0,0,0,1,0,1
56,62,37,98,1,0.9,1,151,0,0,1,0,0
57,64,34,179,2,4.5,3,400,0,0,0,0,1
58,42,18,51,3,2.1,3,0,0,0,0,0,0
59,30,4,40,1,0.3,1,0,0,0,1,0,0
60,38,13,129,4,0.3,3,75,0,0,1,0,1
61,34,8,171,2,2.2,2,569,0,0,1,0,1
62,52,25,180,2,9.0,2,297,0,0,1,0,1
63,61,37,141,3,0.7,1,0,0,1,1,1,1
64,41,17,51,2,0.6,3,0,0,0,0,1,0
65,39,15,80,2,1.8,2,86,0,0,1,1,0
66,27,2,92,2,3.1,1,178,0,0,1,0,0
67,42,16,111,2,1.2,3,251,0,0,1,0,1
68,36,12,123,2,5.6,2,0,0,1,1,1,1
69,60,36,145,4,6.9,1,380,0,0,0,1,1
70,46,20,74,4,2.6,3,0,0,0,1,0,0
71,36,11,158,1,5.1,3,0,0,1,1,1,1
72,42,16,62,1,0.7,3,170,0,1,1,1,0
73,65,40,69,4,0.1,2,0,0,0,1,0,0
74,57,33,93,2,1.6,1,161,0,0,0,0,0
75,48,22,42,3,0.6,2,121,0,0,1,0,0
76,51,25,44,3,0.9,3,0,0,0,0,0,0
77,60,33,154,1,3.0,2,0,1,1,1,0,1
78,64,39,122,4,0.2,1,378,0,0,1,0,1
79,37,13,70,2,2.7,1,0,0,0,0,0,0
80,47,22,124,4,5.0,3,0,0,0,0,0,1
81,50,24,35,1,0.3,3,0,0,0,1,0,0
82,46,21,53,4,1.9,3,0,0,0,0,0,0
83,44,20,111,2,5.3,2,0,0,0,1,0,1
84,27,2,20,4,0.5,3,0,0,0,1,0,0
85,43,19,129,1,5.0,1,0,1,0,1,0,0
86,35,9,21,2,1.4,3,125,0,0,1,0,0
87,59,33,63,1,1.6,1,0,0,0,1,1,0
88,50,26,92,1,2.6,2,213,0,0,0,1,0
89,34,9,41,1,1.0,1,0,0,0,1,0,0
90,60,34,40,1,2.5,3,166,0,0,1,0,0
91,54,30,100,4,3.4,3,0,0,0,0,0,1
92,50,26,148,2,0.4,1,508,0,0,0,0,0
93,30,6,124,2,0.6,1,0,0,0,1,0,0
94,44,19,40,4,0.0,2,0,0,0,1,0,0
95,56,30,145,4,5.7,2,0,0,1,1,1,1
96,38,12,141,2,0.0,1,0,0,0,1,1,0
97,41,16,154,1,7.0,1,0,0,0,0,1,0
98,34,9,178,1,0.8,3,0,0,0,0,0,1
99,55,29,131,2,0.7,2,0,0,0,0,1,1
100,50,23,179,4,3.6,2,0,0,0,1,0,1
101,65,39,150,2,6.9,1,196,0,0,0,0,0
102,55,30,145,2,6.0,3,0,0,0,1,0,1
103,61,35,152,3,3.3,3,0,0,0,1,0,1
104,45,21,134,4,5.5,2,0,0,1,1,1,1
105,31,6,170,2,6.7,1,137,0,0,1,0,0
106,43,17,125,4,3.5,2,0,0,0,0,0,1
107,35,10,142,4,0.8,3,0,0,0,0,0,1
108,53,27,75,1,1.9,2,0,0,0,1,0,0
109,34,10,114,3,3.3,3,0,0,0,0,0,1
110,37,13,79,1,3.6,2,104,0,0,1,0,0
111,39,14,104,3,1.0,1,242,0,0,1,0,0
112,51,27,80,1,2.6,2,0,0,0,1,1,0
113,28,4,114,2,0.2,1,0,0,0,1,0,0
114,48,24,75,4,1.4,2,0,0,0,1,0,0
115,30,6,118,2,2.8,2,0,0,0,0,0,1
116,31,7,31,4,0.4,2,79,0,0,0,0,0
117,36,11,64,4,2.1,3,0,0,0,0,0,0
118,35,9,79,4,2.2,2,0,0,0,0,0,0
119,44,19,30,1,0.5,3,0,0,0,1,0,0
120,34,9,180,1,8.9,3,0,0,0,0,0,1
121,52,26,191,1,1.7,1,0,0,0,1,0,0
122,41,17,143,2,2.7,3,209,0,0,1,0,1
123,57,33,170,2,2.1,2,0,0,0,0,0,1
124,65,39,94,4,4.1,1,120,0,1,1,1,1
125,59,35,11,2,1.0,1,0,0,0,0,1,0
126,58,31,178,2,6.0,2,0,0,0,1,0,1
127,45,18,50,3,2.5,2,0,0,0,1,0,0
128,53,29,83,4,1.0,2,0,0,0,1,0,0
129,64,38,29,3,0.7,2,0,0,0,1,0,0
130,55,25,52,1,1.4,3,207,1,0,0,0,0
131,38,13,80,4,0.7,3,285,0,0,1,0,0
132,46,20,122,3,3.0,3,0,0,1,1,1,1
133,49,25,114,1,2.5,3,0,0,0,1,0,1
134,33,7,139,1,4.0,3,106,0,1,1,1,1
135,61,31,154,3,7.5,3,351,0,1,1,1,1
136,46,20,185,4,7.5,2,428,0,0,0,1,1
137,40,14,129,1,5.9,3,0,0,0,1,0,1
138,51,25,34,3,0.6,2,128,0,0,1,0,0
139,30,3,172,3,3.4,2,0,0,0,0,1,1
140,53,29,141,2,0.2,3,0,0,0,0,0,1
141,34,8,175,4,1.1,3,0,1,1,1,1,1
142,51,27,45,1,1.6,2,82,0,0,1,0,0
143,33,8,120,2,4.2,3,76,0,0,0,1,1
144,35,10,200,2,3.0,1,458,0,0,0,0,0
145,38,13,168,2,1.3,3,0,0,0,0,0,1
146,48,22,149,2,5.5,2,0,1,1,1,0,1
147,37,12,179,1,8.6,1,0,0,0,1,0,0
148,36,12,142,3,2.3,2,0,0,1,1,1,1
149,28,2,48,4,2.1,3,0,0,0,1,1,0
150,31,5,85,3,1.6,1,87,0,0,1,1,0
151,61,37,31,3,0.4,2,0,0,0,0,1,0
152,40,16,89,3,3.9,2,216,1,1,1,0,1
153,37,13,72,4,2.0,3,0,1,0,0,0,0
154,65,41,105,1,3.0,2,282,1,1,1,0,1
155,46,20,72,2,1.7,2,75,0,0,1,0,0
156,31,6,64,2,0.1,1,0,0,0,1,1,0
157,38,12,38,2,0.3,1,0,0,0,1,1,0
158,56,30,32,2,0.4,3,0,0,0,1,0,0
159,63,37,149,2,0.2,3,364,0,0,1,0,1
160,63,39,131,3,2.6,3,229,0,0,1,0,1
161,39,13,139,3,3.4,1,483,0,0,1,0,1
162,52,27,85,3,3.4,3,0,0,0,0,0,1
163,41,16,78,4,0.4,1,0,0,0,1,0,0
164,27,3,135,3,2.7,3,449,0,0,0,1,1
165,63,38,83,2,3.4,1,0,0,0,0,0,1
166,27,3,118,1,3.3,2,0,0,0,1,0,1
167,61,37,131,1,2.9,1,0,0,0,1,0,0
168,40,14,42,2,0.3,1,106,0,0,0,1,0
169,59,35,70,4,2.3,3,0,0,0,0,0,0
170,38,12,24,2,0.8,3,0,0,0,1,1,0
171,59,34,99,1,4.4,1,0,0,0,0,0,1
172,55,29,81,3,1.7,2,171,0,0,1,0,0
173,44,17,128,2,3.25,2,0,0,0,0,1,1
174,38,14,64,1,1.5,3,0,0,0,0,1,0
175,56,32,79,3,2.67,1,0,0,0,1,0,0
176,35,10,135,3,4.8,2,0,0,0,1,0,1
177,39,12,138,1,4.67,2,0,0,0,1,0,1
178,42,16,173,2,1.5,2,373,0,1,1,1,1
179,42,18,54,1,1.8,1,0,0,0,1,0,0
180,40,15,18,2,0.1,2,119,0,0,1,1,0
181,54,29,12,2,0.2,3,0,0,0,1,0,0
182,43,19,125,3,2.4,1,0,0,0,1,0,1
183,45,21,102,4,4.7,2,81,0,0,0,0,1
184,48,22,78,3,2.1,1,0,0,0,1,1,0
185,55,29,111,2,3.6,3,0,0,0,0,1,1
186,58,32,113,2,3.8,2,119,0,1,1,1,1
187,31,7,113,2,2.0,2,315,0,0,0,0,0
188,47,23,190,4,0.3,3,305,0,0,0,0,1
189,58,33,28,2,0.5,2,146,1,0,1,0,0
190,40,16,104,2,1.8,2,0,0,0,0,0,0
191,56,32,23,4,0.7,1,0,0,0,1,1,0
192,60,35,173,3,3.1,3,0,0,0,1,0,1
193,59,35,94,1,4.3,1,76,1,1,1,0,0
194,51,25,163,2,1.3,3,0,0,0,1,0,1
195,30,4,39,1,1.5,1,0,0,0,1,0,0
196,65,41,170,4,6.1,2,0,0,1,1,1,1
197,60,35,80,3,0.5,1,0,0,0,1,0,0
198,29,4,150,1,0.8,1,0,0,0,0,1,0
199,41,17,92,2,1.9,1,131,0,0,1,0,0
200,27,3,105,1,3.0,2,0,1,0,0,0,1
201,48,22,42,3,2.2,2,0,0,0,0,0,0
202,64,38,168,4,5.7,3,0,0,0,1,0,1
203,40,15,173,4,6.6,1,0,0,1,1,1,1
204,57,32,165,4,2.7,3,0,0,0,1,0,1
205,37,11,28,2,0.8,3,0,0,0,0,0,0
206,55,25,92,1,3.0,3,158,0,0,0,1,0
207,57,31,58,1,0.2,1,177,0,0,1,0,0
208,37,11,64,3,0.9,2,0,0,0,1,0,0
209,50,26,21,1,0.2,1,0,0,0,1,0,0
210,51,26,113,1,1.3,3,161,0,0,1,0,0
211,35,9,188,2,3.7,2,259,0,0,1,0,1
212,39,13,93,4,3.6,3,0,0,0,1,0,1
213,47,21,83,1,3.8,1,97,0,0,0,0,1
214,33,8,39,4,0.8,1,0,0,0,1,0,0
215,34,9,49,1,2.5,3,0,0,0,0,0,0
216,43,18,89,3,0.5,3,0,0,0,1,1,0
217,41,17,121,1,0.3,1,0,0,0,1,0,0
218,41,15,185,1,3.6,2,0,0,0,0,0,1
219,55,29,92,1,1.9,2,0,0,0,0,0,0
220,28,3,115,4,3.1,2,0,0,0,0,0,1
221,46,21,159,3,1.9,3,315,0,0,1,0,1
222,48,23,22,1,0.1,1,0,0,0,0,0,0
223,62,36,81,3,4.4,1,0,0,0,0,1,0
224,58,34,65,4,2.2,1,0,0,0,1,0,0
225,49,24,130,4,1.1,1,281,0,1,1,0,1
226,43,16,201,1,10.0,2,0,0,0,0,1,1
227,49,25,163,2,0.4,1,0,1,0,0,0,0
228,28,4,129,1,1.5,1,0,0,0,0,1,0
229,63,39,24,2,0.3,3,0,0,0,0,0,0
230,41,17,138,3,6.9,2,0,0,0,1,0,1
231,27,1,42,3,2.4,2,0,0,0,0,0,0
232,52,28,179,4,4.2,3,0,0,0,0,0,1
233,44,19,142,1,1.5,3,0,0,0,0,0,1
234,40,14,179,1,2.6,3,0,0,0,1,0,1
235,51,25,32,2,0.4,3,0,0,0,1,0,0
236,62,37,55,3,0.9,3,0,0,0,1,0,0
237,36,11,184,2,5.1,2,0,0,0,0,0,1
238,30,6,95,2,0.2,1,0,1,0,1,0,0
239,28,4,38,4,1.6,1,0,0,0,0,0,0
240,30,5,98,4,1.8,3,129,1,1,1,1,0
241,42,18,141,3,5.0,3,0,1,1,1,0,1
242,67,41,114,4,2.4,3,0,0,0,1,0,0
243,46,22,134,2,3.3,1,0,0,0,0,0,0
244,51,25,132,1,0.3,1,0,0,0,1,0,0
245,57,32,24,1,1.3,1,0,0,0,1,1,0
246,41,16,115,1,7.0,1,0,0,0,0,0,0
247,27,2,48,2,1.6,3,119,1,0,1,0,0
248,56,30,101,3,1.7,2,0,0,0,0,1,0
249,33,9,60,1,1.2,1,0,0,0,1,1,0
250,29,4,14,4,0.5,3,0,0,0,0,1,0
251,33,8,178,3,8.5,1,0,1,1,1,0,1
252,28,4,88,1,5.4,1,0,0,0,1,0,0
253,52,26,35,4,1.8,1,0,0,0,1,0,0
254,47,21,88,2,1.7,2,0,0,0,1,0,0
255,42,18,39,3,2.1,3,0,0,0,0,0,0
256,49,23,140,1,1.9,3,0,0,0,0,1,1
257,42,16,141,3,4.0,2,0,0,0,0,0,1
258,36,11,8,4,0.2,3,81,0,0,0,1,0
259,54,28,165,1,4.1,3,0,0,1,1,1,1
260,30,4,39,1,1.5,1,0,0,0,0,1,0
261,42,15,41,3,2.5,2,0,0,0,1,0,0
262,38,13,41,4,1.7,1,0,0,0,1,0,0
263,58,33,22,3,0.2,1,0,0,0,1,0,0
264,55,29,54,2,2.3,3,93,0,0,0,0,0
265,53,29,33,3,1.9,2,144,0,0,0,0,0
266,34,8,40,2,2.0,3,89,0,0,0,0,0
267,35,10,182,1,0.3,2,229,0,1,1,1,1
268,31,5,180,1,2.9,3,144,1,0,0,0,1
269,44,18,43,2,0.7,1,163,1,0,0,0,0
270,44,20,132,3,2.6,1,308,0,0,0,0,1
271,32,7,123,2,2.9,2,0,0,0,1,0,1
272,42,18,103,1,3.33,1,0,1,1,1,1,1
273,48,23,161,4,7.9,3,310,0,0,0,0,1
274,62,37,93,3,3.0,3,0,0,1,1,1,1
275,55,30,81,4,3.8,2,0,0,0,1,0,0
276,60,34,44,2,0.3,1,192,0,0,1,0,0
277,36,11,23,4,0.2,3,0,0,0,1,0,0
278,36,12,113,4,0.2,1,0,0,0,0,0,1
279,34,8,28,3,0.9,1,0,0,0,0,0,0
280,62,32,142,2,2.8,3,0,0,0,0,1,1
281,61,36,40,3,0.5,2,100,1,0,0,0,0
282,61,31,130,2,2.6,3,0,0,0,0,0,1
283,31,5,82,4,2.2,2,0,0,0,0,0,0
284,32,6,120,4,5.4,1,301,0,1,1,1,1
285,52,28,44,3,1.9,2,0,0,0,0,1,0
286,31,6,133,1,1.5,3,0,0,0,0,0,1
287,43,18,42,1,0.3,3,0,0,0,1,0,0
288,56,31,192,1,7.0,3,0,0,1,1,0,1
289,28,4,155,4,5.3,2,0,0,0,1,0,1
290,66,41,73,3,2.4,1,0,0,0,0,0,0
291,45,19,70,3,2.1,1,0,0,0,1,0,0
292,63,38,103,1,2.5,1,0,0,0,1,0,0
293,27,3,82,2,0.2,1,0,0,0,0,1,0
294,53,28,98,1,1.3,3,355,0,0,1,0,0
295,48,22,162,3,1.4,1,400,0,0,0,0,1
296,56,30,178,1,2.9,1,0,0,0,1,0,0
297,47,21,109,4,1.8,1,0,0,0,0,0,1
298,55,30,84,2,3.7,1,304,1,0,1,0,0
299,42,18,33,1,1.4,3,0,0,0,1,0,0
300,52,27,93,4,4.1,2,0,0,0,0,1,1
301,63,38,134,3,4.0,2,0,0,0,0,1,1
302,50,24,44,4,1.8,1,0,0,0,1,1,0
303,37,7,73,4,1.8,3,0,0,0,1,1,0
304,53,29,95,4,1.0,2,0,0,0,1,1,0
305,26,0,132,3,6.5,3,0,0,0,0,1,1
306,37,11,11,3,0.1,2,0,0,0,0,0,0
307,51,25,62,2,1.5,2,0,0,0,1,1,0
308,61,36,184,4,2.3,2,342,0,1,1,1,1
309,37,13,195,2,6.5,1,635,0,0,1,0,0
310,52,26,161,4,4.3,1,0,0,1,1,1,1
311,60,34,92,2,2.0,1,0,0,0,0,0,0
312,39,15,143,1,3.5,1,0,0,0,1,1,0
313,28,4,112,2,1.6,2,0,0,0,1,0,1
314,46,22,152,2,1.4,1,0,0,0,1,0,0
315,26,0,54,3,1.1,2,0,0,0,1,0,0
316,44,18,162,4,1.3,1,301,0,0,0,0,1
317,57,32,124,1,0.2,2,0,0,0,1,0,1
318,44,19,70,1,0.1,2,0,0,0,0,0,0
319,63,38,8,4,0.6,2,0,0,0,1,0,0
320,60,35,18,1,1.5,2,0,0,0,1,1,0
321,52,26,194,2,5.7,2,0,0,0,1,0,1
322,59,34,23,4,0.4,2,78,0,0,0,0,0
323,56,32,51,4,1.5,1,0,0,0,0,0,0
324,37,12,182,3,5.8,3,0,0,0,1,0,1
325,52,27,30,2,0.7,2,0,0,0,1,1,0
326,34,8,82,2,1.5,3,0,1,1,1,1,0
327,49,25,195,4,3.0,1,617,0,0,0,0,1
328,43,19,75,4,0.2,3,102,0,0,1,0,0
329,44,19,172,2,4.3,3,391,1,1,1,0,1
330,31,5,99,4,1.8,2,268,0,0,0,0,0
331,39,15,55,1,1.5,3,0,0,0,1,0,0
332,50,26,82,1,0.0,1,0,0,0,1,1,0
333,29,3,172,4,4.4,1,0,0,0,0,0,1
334,46,22,135,3,4.1,1,213,0,0,1,0,1
335,36,9,31,4,1.0,2,0,1,0,1,0,0
336,34,8,65,1,3.0,1,227,0,0,1,0,1
337,41,15,158,1,4.7,2,0,1,1,0,1,1
338,55,30,53,3,1.7,1,0,0,0,1,0,0
339,54,30,194,3,6.0,3,587,1,1,1,1,1
340,32,8,140,4,6.6,3,0,0,1,0,1,1
341,37,12,160,2,3.3,1,0,0,0,0,0,0
342,65,39,170,3,7.9,3,99,0,1,1,0,1
343,36,11,152,2,3.9,1,159,0,0,0,1,0
344,48,23,173,3,0.2,1,0,0,1,1,1,1
345,42,17,168,2,7.9,2,0,0,0,1,0,1
346,39,13,31,2,0.8,3,0,0,0,0,0,0
347,64,37,138,2,2.8,2,0,0,0,1,0,1
348,49,25,53,2,1.0,3,181,0,0,0,0,0
349,35,11,188,1,0.9,3,282,0,0,1,0,1
350,27,3,90,3,0.8,1,0,0,0,1,0,0
351,29,3,92,2,1.3,1,287,0,0,1,0,0
352,54,27,120,4,3.0,2,431,0,0,1,0,1
353,30,6,29,1,0.2,3,90,0,0,1,0,0
354,30,3,150,4,5.0,2,0,0,0,1,0,1
355,57,33,134,4,0.9,1,198,0,0,1,0,1
356,55,31,159,1,3.9,3,0,0,0,0,0,1
357,42,15,24,3,1.0,2,0,0,0,1,1,0
358,24,0,44,4,1.6,1,180,0,0,1,0,0
359,50,24,22,1,0.3,3,0,0,0,0,1,0
360,58,32,81,3,1.7,2,0,0,0,1,1,0
361,48,24,18,4,0.2,1,0,0,0,1,1,0
362,47,23,94,1,4.7,1,0,0,0,1,1,0
363,46,21,193,2,8.1,3,0,0,0,0,0,1
364,59,35,168,4,4.1,2,0,0,0,1,0,1
365,52,27,81,4,3.8,2,0,0,0,0,1,0
366,42,17,111,3,3.0,1,0,1,1,0,1,1
367,56,30,164,4,0.5,2,234,0,1,1,1,1
368,36,12,18,4,1.0,1,0,0,0,1,1,0
369,62,37,90,3,0.5,1,0,0,0,1,0,0
370,45,21,83,4,2.0,3,0,0,0,1,0,0
371,44,20,62,2,2.5,1,0,1,0,1,0,0
372,29,4,182,1,3.7,3,0,0,0,1,0,1
373,49,25,30,4,0.6,1,0,0,0,0,0,0
374,40,14,53,1,2.0,1,0,0,0,1,1,0
375,62,36,44,2,0.3,1,0,0,0,0,0,0
376,57,32,33,2,2.0,2,0,0,0,1,0,0
377,44,19,201,2,8.8,1,0,0,0,1,1,0
378,31,6,72,1,2.6,2,0,0,0,1,0,0
379,63,39,40,4,1.2,2,0,0,0,1,0,0
380,49,23,68,1,1.5,2,0,0,0,0,0,0
381,58,33,15,4,0.9,2,0,0,0,0,0,0
382,27,1,130,3,2.9,2,0,0,0,0,0,1
383,55,29,28,2,0.7,2,82,0,0,1,1,0
384,53,27,115,2,0.5,3,0,0,0,0,0,1
385,42,18,164,1,1.3,3,0,1,1,1,1,1
386,54,30,145,2,6.8,1,0,1,0,0,0,0
387,29,4,130,2,6.7,1,0,0,0,0,1,0
388,52,26,110,2,5.4,3,204,1,1,1,0,1
389,36,12,150,4,5.4,1,0,1,1,1,0,1
390,58,34,149,4,7.2,2,0,0,1,1,1,1
391,33,7,31,4,1.0,1,0,0,0,1,1,0
392,60,35,39,2,1.6,3,0,0,0,1,0,0
393,45,19,128,4,6.0,3,0,0,0,1,0,1
394,40,16,50,2,0.6,3,0,0,0,0,0,0
395,55,29,60,3,2.2,3,84,0,0,1,0,0
396,61,36,53,3,0.5,2,0,0,0,1,0,0
397,51,25,181,1,3.3,3,589,1,1,1,0,1
398,35,11,41,3,2.0,1,0,0,0,1,0,0
399,28,4,43,3,0.1,2,0,0,0,1,0,0
400,59,35,85,1,3.4,3,0,0,1,0,1,1
401,62,37,15,3,0.1,3,91,0,0,0,0,0
402,64,39,13,4,0.6,2,0,0,0,1,0,0
403,58,34,128,1,7.4,1,0,0,0,0,0,0
404,51,25,29,1,0.3,3,140,0,0,0,0,0
405,45,18,45,3,1.0,2,0,0,0,1,0,0
406,61,36,119,2,5.4,2,0,0,0,1,0,1
407,25,0,38,2,1.6,3,0,0,0,0,0,0
408,29,5,122,4,3.0,1,0,0,0,0,1,1
409,35,10,74,4,1.3,1,0,0,0,1,0,0
410,49,24,75,1,2.8,2,160,0,0,0,1,0
411,58,33,75,2,0.0,3,0,0,0,1,0,0
412,65,41,185,3,2.0,2,0,0,0,0,0,1
413,54,29,154,1,2.4,2,352,0,0,1,0,1
414,42,18,34,4,0.3,1,104,1,0,1,0,0
415,30,5,38,4,0.8,1,129,0,0,1,1,0
416,30,5,112,4,5.0,2,0,0,0,0,1,1
417,32,5,41,2,1.0,2,112,1,0,1,0,0
418,56,32,161,1,5.8,3,0,1,0,0,0,1
419,61,36,21,4,0.4,2,123,0,0,0,0,0
420,53,23,65,4,2.0,3,0,0,0,1,0,0
421,47,22,122,1,5.1,3,163,1,0,0,0,1
422,63,37,165,4,5.1,3,0,0,0,0,0,1
423,26,2,171,3,6.0,2,0,0,0,1,0,1
424,47,21,123,1,7.3,1,0,0,0,0,0,0
425,42,18,153,3,5.6,1,416,0,0,0,0,1
426,46,21,34,2,1.3,1,116,0,0,0,0,0
427,23,-2,81,2,1.8,2,0,0,0,0,0,0
428,66,41,105,1,0.8,3,0,1,1,1,1,0
429,43,18,59,1,3.7,3,0,0,0,1,0,0
430,31,5,91,3,1.6,1,126,0,0,1,1,0
431,33,8,45,2,0.1,1,0,0,0,0,1,0
432,45,19,122,4,4.1,2,0,0,0,1,0,1
433,43,18,38,1,0.5,3,144,0,0,1,0,0
434,27,2,41,2,1.7,2,0,0,0,1,0,0
435,31,6,19,4,1.1,3,104,0,1,1,1,0
436,37,11,89,1,1.5,3,0,0,0,1,0,0
437,34,9,160,4,8.0,3,0,0,0,0,1,1
438,30,3,33,4,1.5,2,85,0,0,0,0,0
439,54,29,82,3,3.7,2,0,0,0,1,0,1
440,44,20,171,4,0.7,1,567,0,1,1,1,1
441,38,13,169,1,6.8,3,0,0,1,1,1,1
442,33,9,183,2,8.8,3,582,0,0,1,0,1
443,57,31,165,1,1.6,2,0,0,0,1,0,1
444,36,10,179,3,6.6,1,0,0,0,1,0,1
445,30,6,179,3,4.9,1,142,0,0,1,0,1
446,54,30,78,4,1.6,2,0,0,0,1,1,0
447,65,39,160,4,3.8,1,237,0,0,1,0,1
448,31,5,93,2,3.1,2,0,0,0,1,0,1
449,31,5,101,1,2.9,3,170,1,0,0,0,0
450,39,15,91,2,1.7,2,151,0,0,0,0,0
451,27,2,158,3,0.4,2,0,0,1,1,0,1
452,64,40,32,3,0.1,3,0,0,0,1,0,0
453,37,12,42,3,0.7,2,0,0,0,1,1,0
454,30,6,41,1,2.4,2,0,0,0,1,0,0
455,27,1,99,1,3.0,3,149,0,0,0,1,1
456,30,4,142,3,4.2,1,359,0,0,0,0,1
457,29,4,110,4,2.5,3,0,0,0,0,0,1
458,54,28,82,4,2.6,3,294,0,0,0,0,0
459,39,14,75,3,3.0,1,0,0,0,0,1,0
460,44,18,75,2,3.5,1,0,0,0,1,0,1
461,64,40,63,4,1.2,2,0,1,0,0,1,0
462,52,26,91,1,4.3,2,0,0,1,1,1,1
463,65,39,18,2,0.4,1,0,1,1,1,1,0
464,51,27,68,1,1.6,3,0,0,0,1,0,0
465,58,33,122,4,0.2,2,0,0,1,1,0,1
466,51,27,112,3,1.8,2,0,1,1,1,1,0
467,64,40,181,2,2.3,2,0,0,1,1,1,1
468,53,28,18,4,0.8,1,0,0,0,0,0,0
469,50,24,103,1,0.3,1,0,0,0,1,0,0
470,46,21,204,2,2.8,1,0,0,0,1,0,0
471,59,35,43,4,1.3,1,0,0,0,1,0,0
472,36,11,183,1,3.0,3,0,0,1,1,1,1
473,56,31,72,3,2.0,2,0,0,0,0,0,0
474,35,5,203,1,10.0,3,0,0,0,0,0,1
475,45,21,63,1,0.8,3,245,0,0,1,1,0
476,40,10,29,1,0.75,3,0,0,0,1,0,0
477,37,13,105,1,0.8,2,0,0,0,0,1,0
478,60,35,191,4,5.6,3,0,0,0,0,0,1
479,53,28,175,3,3.6,3,0,0,1,1,1,1
480,56,30,158,4,6.1,1,0,0,0,0,0,1
481,44,18,123,3,5.9,1,0,0,1,1,1,1
482,27,1,140,1,5.9,2,175,1,1,1,0,1
483,40,16,89,4,0.8,1,155,0,0,1,0,0
484,28,3,193,3,4.0,2,0,0,0,1,0,1
485,56,30,140,4,0.5,1,292,0,0,0,0,1
486,45,20,191,3,2.6,3,123,0,0,0,0,1
487,61,36,35,3,1.3,2,0,0,0,0,1,0
488,56,31,48,2,2.1,3,0,0,0,0,1,0
489,41,15,65,3,0.5,3,0,0,0,0,0,0
490,65,41,195,3,0.4,1,0,1,1,0,1,1
491,51,27,20,4,0.5,2,0,0,0,1,0,0
492,39,13,21,3,0.2,2,0,0,0,0,0,0
493,30,6,182,4,0.8,3,94,0,0,1,0,1
494,37,12,128,2,3.9,1,0,0,0,1,1,0
495,34,9,75,1,2.8,1,194,0,0,0,0,0
496,46,22,19,3,0.5,1,0,0,0,1,0,0
497,48,23,43,2,1.3,1,0,0,0,1,0,0
498,65,40,81,3,1.8,2,0,0,0,1,0,0
499,62,36,75,2,1.7,3,0,0,0,0,0,0
500,60,34,110,2,2.0,1,0,0,0,1,0,0
501,60,35,153,3,2.0,3,0,0,0,0,1,1
502,26,2,79,2,2.5,1,0,0,0,1,0,0
503,44,20,119,2,7.5,1,239,0,0,1,0,0
504,64,38,143,2,6.4,3,0,1,1,1,0,1
505,49,23,29,4,1.8,1,0,0,0,1,1,0
506,26,0,12,1,0.1,2,0,0,0,1,0,0
507,34,8,184,3,7.5,1,0,0,0,0,0,1
508,36,10,21,3,0.1,2,0,0,0,0,0,0
509,29,3,175,3,3.3,3,329,0,0,1,0,1
510,24,-1,78,2,1.8,2,0,0,0,0,0,0
511,32,6,83,4,2.2,2,0,0,0,0,0,0
512,63,39,64,1,1.8,3,147,0,0,1,1,0
513,33,8,64,4,2.1,3,164,0,0,1,0,0
514,36,11,195,2,3.0,1,0,0,0,1,1,0
515,53,26,8,1,0.5,2,0,0,0,0,1,0
516,58,33,173,2,7.2,3,0,0,0,1,0,1
517,46,21,115,2,4.2,3,0,1,1,1,1,1
518,50,26,179,1,2.9,3,0,0,0,0,1,1
519,33,7,73,1,2.5,1,135,0,0,0,0,0
520,54,30,133,1,5.0,2,0,0,0,0,1,1
521,62,36,158,2,6.3,3,0,0,0,1,0,1
522,54,28,42,4,2.5,1,0,0,0,1,1,0
523,60,34,64,3,2.5,1,0,0,0,1,0,0
524,39,14,141,4,6.3,1,0,1,1,1,1,1
525,40,16,155,4,0.1,3,0,0,1,1,1,1
526,58,32,12,3,0.3,3,0,0,0,0,0,0
527,37,11,139,2,0.8,2,421,0,0,1,0,1
528,57,33,155,1,7.4,1,0,0,0,1,0,0
529,34,8,188,1,2.9,3,0,0,0,1,0,1
530,33,7,120,1,3.2,3,0,0,0,1,0,1
531,32,7,143,3,2.9,3,0,0,0,1,0,1
532,42,18,158,2,0.4,2,277,0,0,0,1,1
533,41,15,82,3,0.1,1,0,0,0,1,0,0
534,43,17,111,4,5.4,3,0,0,0,1,0,1
535,57,32,135,3,4.8,2,0,1,1,1,0,1
536,40,15,43,4,1.7,1,98,0,0,0,0,0
537,55,30,55,4,0.9,1,215,0,0,1,1,0
538,35,9,58,1,2.5,1,0,0,0,1,1,0
539,35,9,141,2,4.5,2,0,0,0,0,0,1
540,60,36,62,4,2.2,1,0,0,0,0,0,0
541,42,18,42,2,1.7,1,0,0,0,1,0,0
542,65,40,29,1,1.5,2,0,0,0,0,0,0
543,33,9,41,3,2.0,1,108,0,0,1,0,0
544,30,4,81,2,0.2,1,0,0,0,1,0,0
545,54,28,89,1,1.9,2,0,0,0,1,1,0
546,63,37,140,2,6.9,1,97,0,0,0,1,0
547,56,31,13,4,0.9,2,76,0,1,1,1,0
548,50,26,23,4,0.2,1,0,0,0,0,1,0
549,61,31,19,1,1.5,3,0,0,0,1,0,0
550,54,24,75,2,4.5,3,0,0,0,0,0,0
551,50,24,80,4,4.9,1,0,0,0,1,0,0
552,55,30,118,4,5.6,2,0,0,0,1,0,1
553,52,27,35,4,0.2,2,0,0,0,1,0,0
554,65,40,89,1,4.1,1,299,0,1,1,0,1
555,56,30,29,4,0.7,2,87,0,0,1,0,0
556,48,24,144,4,3.5,2,0,0,0,0,0,1
557,36,6,138,1,7.0,3,86,0,0,1,0,1
558,47,21,71,4,2.9,1,0,0,0,1,0,0
559,58,28,122,1,3.0,3,115,0,0,1,0,1
560,60,34,139,4,0.4,1,0,0,0,1,0,1
561,61,37,172,4,4.25,1,0,0,1,1,1,1
562,30,5,74,4,2.2,1,0,1,0,0,1,0
563,58,34,42,4,1.5,1,0,0,0,1,1,0
564,43,17,51,1,0.7,3,0,0,0,0,0,0
565,33,7,111,2,1.3,1,0,0,0,1,0,0
566,34,9,180,2,6.5,3,0,0,1,1,0,1
567,45,21,58,3,0.3,3,0,1,0,1,0,0
568,48,23,112,1,5.1,2,86,1,1,1,0,1
569,35,10,54,1,2.5,3,0,0,0,0,1,0
570,64,34,50,4,1.67,3,0,0,0,1,0,0
571,57,33,55,1,1.8,3,0,0,0,1,0,0
572,30,4,73,3,3.3,1,0,0,1,1,1,1
573,35,10,73,3,2.3,1,0,0,0,1,0,0
574,26,0,179,4,2.1,2,0,0,0,0,0,1
575,47,23,178,1,6.5,3,0,0,0,0,0,1
576,59,34,40,3,0.9,3,0,0,0,1,0,0
577,53,28,173,4,2.7,1,427,0,0,1,0,1
578,41,15,159,1,5.5,3,0,0,1,1,0,1
579,57,32,31,3,0.1,2,0,0,0,1,0,0
580,36,10,39,1,2.0,1,153,0,0,0,0,0
581,56,30,73,2,1.1,1,0,0,0,0,0,0
582,42,17,98,2,0.4,1,0,0,0,1,1,0
583,46,20,105,4,3.2,1,0,0,0,0,0,1
584,60,35,64,2,2.8,1,0,0,0,0,0,0
585,51,26,55,1,1.3,2,236,0,0,0,1,0
586,55,30,82,4,1.3,3,219,0,0,0,1,0
587,47,23,28,4,0.6,1,0,0,0,1,0,0
588,58,32,44,1,0.8,2,0,0,0,0,0,0
589,42,16,191,3,4.8,2,0,1,1,1,0,1
590,63,38,159,4,4.9,2,111,0,0,0,0,1
591,63,33,178,4,9.0,3,0,0,0,0,0,1
592,51,27,53,1,1.6,2,0,0,0,1,0,0
593,63,39,101,1,3.9,1,0,1,1,1,0,1
594,47,21,38,3,0.6,2,0,1,0,0,0,0
595,41,15,65,2,2.8,1,0,0,0,1,1,0
596,54,24,72,3,1.4,3,218,0,0,0,1,0
597,29,5,28,1,0.2,3,0,0,0,1,0,0
598,46,22,141,2,3.3,1,0,1,1,1,1,0
599,58,34,152,4,3.6,3,0,0,0,0,0,1
600,57,32,21,1,0.3,3,117,0,0,0,0,0
601,33,9,18,4,0.4,2,0,0,0,1,0,0
602,43,19,114,1,1.7,1,0,0,0,1,0,0
603,51,25,190,2,4.2,2,0,0,0,1,0,1
604,64,38,38,2,0.3,1,186,0,0,1,1,0
605,48,22,133,2,3.1,2,0,0,0,1,0,1
606,42,18,41,1,1.8,1,94,0,0,1,0,0
607,60,35,135,3,0.3,3,0,0,0,1,0,1
608,48,24,61,2,1.7,1,229,0,0,0,1,0
609,65,40,83,4,0.1,2,247,0,0,1,0,0
610,47,21,82,3,2.1,1,0,0,0,0,0,0
611,25,1,98,1,5.4,1,0,0,0,1,0,0
612,41,16,114,4,3.5,1,0,0,0,0,1,1
613,55,31,91,2,2.8,1,0,0,0,1,0,0
614,34,8,75,2,1.8,1,0,0,0,0,0,0
615,57,32,63,4,0.7,1,0,0,0,1,0,0
616,45,20,114,2,4.4,2,0,0,0,0,0,1
617,42,17,32,4,0.0,2,0,0,0,1,0,0
618,52,28,62,1,1.8,3,231,0,0,1,0,0
619,45,21,132,3,1.2,2,0,0,1,1,1,1
620,49,25,20,4,1.0,1,111,0,0,1,1,0
621,54,27,195,2,4.75,2,477,0,0,0,0,1
622,44,20,101,3,4.4,2,82,0,0,0,0,1
623,57,33,62,3,2.67,1,240,0,0,0,0,0
624,62,38,158,2,2.1,1,0,0,0,0,1,0
625,52,26,71,1,1.4,3,0,0,0,0,0,0
626,46,21,40,1,0.3,1,116,0,0,0,0,0
627,28,2,51,4,1.8,3,0,0,0,0,1,0
628,34,10,44,1,1.33,1,0,0,0,1,0,0
629,51,26,134,4,4.5,3,0,1,1,1,0,1
630,32,6,32,1,1.9,3,0,0,0,1,0,0
631,26,0,155,2,7.2,1,0,0,0,0,0,0
632,26,2,132,2,2.4,3,0,0,0,0,1,1
633,48,24,162,4,3.3,2,446,0,1,1,0,1
634,39,13,43,3,0.5,3,0,0,0,1,0,0
635,63,39,101,2,3.9,3,294,0,0,1,0,1
636,45,21,29,1,0.3,3,105,0,0,1,1,0
637,50,25,32,2,0.7,2,0,0,0,1,0,0
638,33,6,168,3,5.67,2,0,1,1,1,0,1
639,42,17,113,3,1.0,1,0,1,0,1,0,0
640,53,29,61,4,1.6,2,0,0,0,1,0,0
641,65,40,95,3,3.7,2,138,0,0,0,1,1
642,61,36,153,1,2.6,2,0,1,1,0,1,1
643,46,21,41,1,0.5,3,0,0,0,0,0,0
644,56,32,98,3,3.9,3,0,0,0,0,0,1
645,33,9,131,3,2.2,3,0,1,0,0,0,1
646,41,17,154,1,1.7,1,0,0,0,0,1,0
647,41,14,74,3,2.33,2,0,0,0,1,0,0
648,38,14,130,4,4.7,3,134,0,0,0,0,1
649,43,18,128,4,5.3,1,84,0,0,0,0,1
650,59,29,61,1,1.4,3,0,0,0,0,0,0
651,32,7,49,3,2.3,1,0,0,0,1,0,0
652,32,8,128,2,4.33,1,0,0,0,1,0,0
653,31,6,53,4,2.2,1,114,0,0,1,0,0
654,32,6,78,1,2.9,3,0,0,0,0,0,0
655,49,23,194,4,8.3,2,0,0,0,0,1,1
656,44,17,69,3,2.67,2,0,0,0,0,0,0
657,64,40,18,2,0.3,3,0,1,1,1,1,0
658,50,24,188,3,1.3,1,184,0,0,0,1,1
659,63,37,40,2,1.0,3,167,0,0,0,0,0
660,53,29,120,4,2.7,2,111,1,1,1,0,1
661,38,12,180,1,2.8,3,158,0,0,1,0,1
662,57,31,114,4,5.2,1,0,1,1,1,0,1
663,59,35,108,4,3.8,2,304,0,0,1,0,1
664,37,12,52,2,1.1,2,0,0,0,1,0,0
665,38,13,140,4,0.5,1,0,0,0,0,0,1
666,61,35,60,1,2.8,2,0,0,0,1,1,0
667,50,26,192,2,1.8,3,301,0,1,1,1,1
668,59,35,18,1,1.2,3,0,0,0,1,0,0
669,57,33,9,1,0.1,2,91,1,0,1,0,0
670,30,5,125,4,0.5,3,0,0,1,1,0,1
671,62,37,39,2,2.8,1,113,0,1,1,1,0
672,35,11,101,3,3.8,3,150,0,0,1,0,1
673,63,39,38,3,0.1,3,178,0,0,1,1,0
674,37,11,84,4,2.2,2,0,0,0,1,1,0
675,61,35,99,1,4.8,3,255,0,0,0,1,1
676,28,4,155,1,6.33,1,0,0,0,0,0,0
677,27,0,34,1,2.0,2,112,0,0,0,1,0
678,33,7,32,1,0.6,3,166,0,0,1,0,0
679,61,37,62,1,0.0,2,244,0,0,1,0,0
680,50,25,83,1,2.8,2,0,0,0,1,1,0
681,62,38,83,1,1.8,3,0,0,0,1,0,0
682,32,6,73,4,2.2,2,0,0,0,0,0,0
683,64,38,35,1,0.5,3,0,0,0,1,0,0
684,43,19,122,1,0.3,1,0,0,0,1,0,0
685,49,23,115,3,4.6,3,0,0,0,0,0,1
686,33,8,130,3,6.3,2,99,0,0,0,1,1
687,64,38,40,1,2.5,3,94,0,0,1,1,0
688,25,1,28,1,1.0,3,0,0,0,1,0,0
689,62,37,125,1,1.0,3,0,0,0,1,0,1
690,66,41,65,3,2.4,1,0,0,0,0,0,0
691,51,27,75,1,2.7,1,0,0,0,0,0,0
692,38,13,15,2,0.1,2,90,0,0,1,0,0
693,30,4,24,1,0.4,2,81,0,0,1,0,0
694,44,20,150,2,3.3,1,0,0,0,0,1,0
695,32,7,134,2,3.3,1,0,0,0,1,0,0
696,37,13,158,2,2.3,2,0,0,1,1,1,1
697,43,18,98,2,0.4,1,0,0,0,1,0,0
698,52,28,41,3,1.9,2,0,0,0,0,1,0
699,30,5,42,1,1.0,1,184,0,0,0,0,0
700,32,8,82,3,1.5,1,0,0,0,1,1,0
701,45,19,141,1,2.4,1,0,0,0,1,0,0
702,55,31,13,4,0.7,1,0,0,0,1,0,0
703,33,9,184,2,4.8,2,0,0,0,0,0,1
704,31,7,42,1,2.4,2,0,0,0,1,1,0
705,54,30,13,1,0.3,1,0,0,0,0,0,0
706,38,13,91,1,2.8,1,0,0,0,1,1,0
707,56,32,15,1,0.1,2,0,0,0,1,0,0
708,39,14,75,1,0.1,2,297,0,0,0,1,0
709,24,-2,51,3,0.3,3,0,0,0,1,0,0
710,26,0,83,3,3.9,2,0,0,0,1,0,1
711,46,22,102,3,4.5,3,0,0,0,1,0,1
712,50,25,42,2,0.7,2,110,0,0,0,1,0
713,54,28,108,4,1.9,2,0,0,0,1,0,1
714,64,39,172,4,3.1,1,282,0,1,1,1,1
715,32,7,61,3,2.3,1,205,0,0,1,1,0
716,56,31,52,3,2.0,2,0,1,1,1,1,0
717,29,0,134,4,6.5,3,0,0,0,0,0,1
718,33,7,104,2,3.6,3,0,0,0,0,1,1
719,43,19,174,3,1.7,3,231,0,1,1,1,1
720,28,3,55,4,2.2,1,0,0,0,1,1,0
721,63,38,135,2,3.8,3,183,0,0,0,0,1
722,48,22,114,1,2.4,3,0,0,0,1,0,1
723,59,33,38,1,1.4,1,0,0,0,1,1,0
724,60,35,155,1,1.5,3,0,0,0,0,1,1
725,32,7,125,1,0.0,1,0,0,0,1,1,0
726,42,16,185,3,2.2,2,0,1,1,1,1,1
727,42,17,82,1,3.7,3,0,0,0,1,0,0
728,31,5,20,2,0.3,1,0,0,0,0,0,0
729,35,9,41,4,1.2,2,0,0,0,1,0,0
730,32,8,45,1,2.4,2,0,0,0,0,0,0
731,34,8,29,2,2.0,3,0,0,0,1,1,0
732,54,29,119,3,2.0,1,0,1,1,0,0,1
733,57,31,38,4,0.7,2,0,0,0,1,0,0
734,30,6,181,3,4.1,2,0,0,1,1,1,1
735,43,19,121,1,0.7,2,0,0,1,1,1,1
736,26,0,164,2,4.0,3,301,0,0,1,0,1
737,49,23,174,3,4.6,2,590,0,0,0,0,1
738,29,3,39,4,0.2,1,137,0,0,1,1,0
739,36,11,181,3,1.4,1,0,0,0,0,0,1
740,28,2,42,1,1.5,1,0,0,0,1,1,0
741,44,17,12,3,0.67,2,0,0,0,1,0,0
742,47,22,95,2,3.9,2,0,0,0,0,0,1
743,41,17,78,4,2.67,1,99,0,0,1,0,0
744,31,5,129,3,5.9,3,319,1,1,0,1,1
745,37,12,169,2,5.2,3,249,0,0,1,0,1
746,35,10,161,1,4.1,1,0,1,0,1,0,0
747,37,13,89,2,1.7,2,314,0,0,0,1,0
748,32,7,185,2,6.7,1,0,0,1,1,1,0
749,51,27,42,4,1.1,2,0,0,0,1,1,0
750,62,38,124,1,3.8,1,405,0,0,1,0,0
751,51,25,173,1,0.5,2,0,0,0,1,0,1
752,26,1,190,4,1.3,2,197,0,0,1,0,1
753,34,9,72,3,2.3,1,124,0,0,0,0,0
754,32,8,142,4,6.2,2,120,0,1,1,1,1
755,61,37,61,3,2.0,3,0,0,0,1,0,0
756,55,25,35,3,1.0,3,144,0,0,1,1,0
757,28,2,114,4,2.1,3,0,0,0,1,0,0
758,61,37,68,4,2.3,3,0,0,0,0,0,0
759,46,22,125,2,4.7,3,0,0,0,1,0,1
760,51,25,45,4,2.6,1,0,0,0,0,0,0
761,62,36,135,2,5.2,2,0,0,0,1,0,1
762,35,11,93,2,2.7,1,0,0,0,1,1,0
763,63,37,132,1,4.4,2,0,0,0,1,0,1
764,55,30,58,4,0.9,1,0,0,0,1,1,0
765,61,36,51,3,1.5,1,0,0,0,0,1,0
766,51,27,58,1,0.0,1,0,0,0,0,1,0
767,44,18,18,2,0.1,3,0,0,0,1,0,0
768,27,1,134,1,1.7,2,307,0,0,1,0,1
769,66,42,35,1,1.9,2,172,0,0,1,0,0
770,64,40,88,1,3.8,1,243,0,0,1,1,0
771,26,2,48,3,0.7,2,0,0,0,1,0,0
772,50,26,190,3,2.1,3,240,0,0,1,0,1
773,54,30,121,2,1.1,3,0,1,0,0,0,1
774,49,19,169,3,5.67,3,167,0,1,0,1,1
775,31,7,135,4,3.8,2,0,0,1,1,1,1
776,45,18,163,3,5.33,2,0,0,1,0,1,1
777,29,3,148,3,4.1,1,0,0,0,1,0,1
778,26,2,72,4,2.6,1,0,1,1,1,0,0
779,34,10,154,3,5.4,2,0,0,0,1,0,1
780,54,28,93,1,4.9,1,133,0,1,1,1,0
781,47,22,22,1,0.4,3,0,0,0,1,0,0
782,57,31,113,4,0.6,3,327,0,0,1,0,1
783,59,34,145,4,1.8,1,198,0,0,1,0,1
784,55,31,74,2,3.2,3,0,0,0,1,1,0
785,41,15,88,1,2.8,3,0,1,0,0,0,0
786,40,16,119,2,4.2,2,0,0,0,1,0,1
787,45,20,61,3,2.7,2,0,0,0,0,1,0
788,56,32,103,3,4.0,3,0,0,0,0,0,1
789,40,14,54,2,0.7,1,0,0,0,0,0,0
790,38,12,52,2,2.4,2,147,0,0,0,0,0
791,34,8,164,4,7.4,3,0,0,0,1,0,1
792,43,19,75,3,0.3,3,0,0,0,0,0,0
793,45,21,73,1,0.8,3,0,0,0,1,0,0
794,40,14,164,1,4.3,2,0,0,0,0,0,1
795,33,8,115,4,2.9,2,0,0,0,1,0,1
796,56,30,59,3,0.8,1,159,1,0,1,0,0
797,44,19,69,3,0.5,3,0,0,0,1,0,0
798,47,23,32,1,1.0,1,0,0,0,0,1,0
799,42,16,65,3,0.5,3,256,0,0,1,0,0
800,62,38,195,4,5.2,3,522,0,1,1,1,1
801,50,24,161,3,3.4,1,212,0,0,1,0,1
802,42,18,49,2,1.7,1,106,0,0,0,1,0
803,25,-1,109,4,2.3,3,314,0,0,1,0,0
804,35,11,38,1,1.5,2,136,0,0,1,0,0
805,43,19,70,3,2.33,1,0,0,0,1,0,0
806,54,30,78,4,1.0,2,0,0,0,1,0,0
807,64,39,42,3,0.5,2,116,0,0,1,0,0
808,50,26,115,1,1.2,3,0,0,0,0,1,1
809,53,28,55,4,0.9,1,119,0,0,1,1,0
810,39,9,32,3,2.0,3,0,0,0,1,0,0
811,32,6,99,2,1.5,3,0,0,0,0,1,0
812,37,11,190,4,7.3,2,565,0,1,1,0,1
813,36,9,40,2,1.0,2,0,0,0,1,0,0
814,54,30,78,3,1.8,2,0,0,0,0,0,0
815,63,37,191,2,4.3,3,205,0,0,0,0,1
816,35,10,31,3,1.3,1,0,0,0,0,0,0
817,45,20,40,2,1.3,1,0,0,0,0,1,0
818,36,12,69,3,3.1,2,0,0,0,1,0,1
819,47,21,174,4,3.2,3,0,0,0,0,0,1
820,61,34,41,4,2.5,2,0,0,0,1,0,0
821,35,9,113,3,0.8,3,0,0,0,1,0,1
822,56,31,65,2,3.7,1,0,0,0,1,0,0
823,47,23,149,4,6.1,1,0,0,0,0,1,1
824,54,29,28,4,0.2,2,101,0,0,1,0,0
825,37,11,30,2,0.3,1,146,0,0,0,0,0
826,36,9,115,4,2.2,2,0,0,0,0,0,1
827,31,7,192,1,0.0,2,0,0,0,1,0,1
828,26,0,15,4,0.4,1,0,0,0,0,1,0
829,65,40,98,3,1.8,2,333,0,0,0,0,0
830,61,37,40,4,2.2,1,0,1,1,1,1,0
831,51,25,175,3,0.7,1,312,0,0,0,0,1
832,33,8,155,1,7.4,3,0,0,0,0,0,1
833,54,29,129,4,4.2,3,0,0,0,0,0,1
834,30,5,118,4,3.0,3,0,0,0,1,0,1
835,49,23,79,3,0.7,2,151,0,0,1,0,0
836,43,19,130,2,4.7,3,221,0,0,0,1,1
837,29,4,134,2,3.3,1,204,0,0,0,0,0
838,35,9,85,2,1.8,1,0,0,0,0,0,0
839,52,26,121,1,7.3,1,167,0,0,1,0,0
840,31,5,184,4,3.4,2,0,0,1,1,1,1
841,45,21,142,1,1.4,2,0,0,0,1,0,1
842,59,34,83,2,3.4,3,0,0,0,1,0,1
843,42,17,154,3,4.9,1,0,0,1,1,1,1
844,24,0,38,1,1.0,3,0,0,0,1,0,0
845,56,30,111,4,0.3,1,372,1,1,1,0,1
846,63,37,110,1,4.1,3,0,0,0,0,0,1
847,49,23,100,2,6.3,1,0,0,0,0,0,0
848,48,23,168,2,2.8,1,308,0,0,1,0,0
849,43,19,152,3,6.1,2,0,0,0,0,0,1
850,36,11,90,1,2.8,1,0,0,0,1,0,0
851,35,9,131,3,0.3,3,0,0,1,1,1,1
852,55,30,153,2,2.8,2,0,1,1,1,0,1
853,54,30,133,2,2.6,3,0,0,0,0,0,1
854,35,11,180,1,3.6,3,571,0,1,1,1,1
855,50,26,135,2,4.6,3,91,0,0,1,0,1
856,39,15,175,2,8.0,1,0,0,0,1,0,0
857,29,5,128,2,4.1,2,209,0,0,1,0,1
858,52,26,158,2,3.7,3,251,0,0,0,1,1
859,58,32,113,2,1.4,1,270,0,0,0,1,0
860,36,12,123,2,3.0,3,0,0,0,0,0,1
861,38,13,129,3,4.1,3,0,0,1,1,1,1
862,24,-2,80,2,1.6,3,0,0,0,1,0,0
863,60,35,119,2,3.9,1,0,1,0,1,0,0
864,29,5,33,1,1.8,2,78,0,0,1,0,0
865,36,12,109,3,0.5,3,0,1,1,1,0,1
866,46,22,53,4,1.9,1,187,0,0,0,0,0
867,65,40,71,3,2.2,1,0,0,0,0,1,0
868,36,10,172,4,1.0,2,295,0,0,1,0,1
869,41,15,55,1,2.8,1,0,0,0,0,0,0
870,52,26,44,2,0.8,3,148,0,0,0,1,0
871,59,35,174,1,4.7,1,0,0,0,1,1,0
872,59,35,94,1,3.8,1,272,0,0,0,0,0
873,46,20,158,1,2.4,1,0,0,0,1,1,0
874,34,9,93,1,0.0,1,0,0,0,1,0,0
875,56,32,125,3,0.6,1,342,0,1,1,1,1
876,46,20,158,3,5.4,1,432,0,0,0,1,1
877,63,38,102,4,3.4,2,0,0,0,0,0,0
878,61,36,169,2,6.1,3,106,0,1,1,1,1
879,52,26,112,1,2.4,1,0,1,1,1,1,0
880,60,34,59,1,1.6,1,231,0,0,1,0,0
881,61,37,48,1,0.8,1,158,0,0,1,0,0
882,45,20,180,3,8.5,2,535,0,0,0,0,1
883,35,5,108,2,2.75,3,0,1,0,0,0,1
884,33,7,188,2,7.0,2,581,0,0,0,0,1
885,41,16,175,2,1.1,3,0,0,0,1,0,1
886,45,15,202,3,10.0,3,0,0,0,0,0,1
887,33,8,133,1,0.0,1,0,0,0,1,0,0
888,40,13,69,3,2.33,2,0,0,0,0,0,0
889,27,3,43,1,1.0,3,0,0,0,1,0,0
890,57,31,164,2,3.8,3,422,0,1,1,1,1
891,31,5,82,4,1.8,2,0,0,0,1,0,0
892,55,29,132,3,5.9,2,307,0,0,0,0,1
893,37,12,194,4,0.2,3,211,1,1,1,1,1
894,48,24,12,4,1.0,1,89,0,0,0,0,0
895,38,12,184,3,8.0,1,0,0,0,1,0,1
896,35,9,81,1,2.7,2,0,0,0,1,0,0
897,50,25,130,1,1.1,2,0,0,0,1,0,1
898,35,9,29,3,0.9,1,126,0,0,1,0,0
899,62,37,169,3,5.0,2,184,0,1,1,1,1
900,38,13,113,4,1.7,2,0,0,0,0,1,1
901,32,8,169,1,6.5,3,272,1,1,1,0,1
902,37,11,82,3,0.9,2,218,0,0,1,1,0
903,28,3,118,3,2.4,2,161,0,0,0,0,1
904,46,20,114,1,0.0,1,0,0,0,1,1,0
905,49,25,13,1,0.9,3,0,0,0,1,0,0
906,50,25,38,1,1.4,3,0,0,0,1,0,0
907,25,1,20,4,1.0,1,0,0,0,0,1,0
908,33,8,145,1,2.7,3,0,0,0,1,0,1
909,57,32,80,2,0.0,3,0,0,0,0,0,0
910,50,24,150,1,7.3,1,0,0,0,1,1,0
911,61,36,193,1,4.7,3,203,0,0,1,0,1
912,61,36,89,3,0.5,1,0,0,0,1,0,0
913,65,39,53,1,2.5,3,0,0,0,1,0,0
914,57,32,39,4,0.9,1,147,0,0,0,0,0
915,45,20,70,4,1.9,3,0,0,0,1,1,0
916,52,26,182,2,1.4,2,0,0,0,1,0,1
917,41,17,94,3,3.8,2,327,1,1,1,0,1
918,27,1,112,4,2.1,3,0,0,0,0,1,0
919,47,22,33,1,1.4,3,0,0,0,1,0,0
920,44,19,99,3,3.5,3,357,0,0,0,0,1
921,48,24,79,3,0.7,1,0,0,0,1,1,0
922,26,2,182,2,3.2,2,0,0,0,0,0,1
923,55,30,55,3,1.7,1,0,0,0,0,1,0
924,66,41,15,3,0.1,3,0,0,0,1,0,0
925,55,29,172,1,5.2,2,0,0,0,0,0,1
926,48,18,182,4,6.0,3,0,0,0,1,0,1
927,36,12,154,3,6.4,1,0,1,0,0,0,1
928,65,41,134,3,3.9,3,121,0,0,1,0,1
929,53,23,58,4,2.0,3,0,0,0,1,1,0
930,42,17,14,2,0.1,2,0,0,0,1,0,0
931,65,41,133,4,2.0,1,0,0,0,0,1,1
932,62,36,183,2,3.4,3,0,0,0,0,0,1
933,50,26,19,2,0.4,1,118,0,0,1,0,0
934,55,29,62,1,0.2,1,0,0,0,1,0,0
935,36,11,101,3,1.2,3,0,1,0,0,1,0
936,48,22,42,1,1.2,2,0,0,0,0,0,0
937,35,11,148,1,5.8,3,0,0,0,1,0,1
938,30,6,115,4,3.8,2,0,0,0,1,0,1
939,29,3,50,3,1.1,2,0,0,0,0,1,0
940,38,13,119,2,7.8,1,221,0,0,0,0,0
941,26,0,129,3,0.7,2,0,0,0,0,0,1
942,34,9,141,2,4.9,3,0,0,0,0,1,1
943,63,38,148,2,4.3,3,0,0,0,1,0,1
944,56,32,28,1,1.2,3,0,0,0,1,0,0
945,28,3,54,4,0.6,2,0,0,0,1,0,0
946,41,15,58,3,0.5,3,0,0,0,1,0,0
947,46,20,9,1,0.2,1,0,0,0,1,0,0
948,50,23,19,1,0.5,2,104,0,0,0,1,0
949,26,2,60,2,3.0,1,132,0,0,0,0,1
950,53,28,183,3,8.2,3,467,0,1,1,1,1
951,40,16,44,1,1.8,1,0,1,0,1,0,0
952,32,5,63,4,2.0,2,0,1,0,1,0,0
953,64,40,58,1,1.8,3,0,0,0,1,0,0
954,62,36,148,3,7.0,2,0,0,0,1,0,1
955,50,24,133,4,1.4,2,342,0,0,0,1,1
956,57,33,30,3,1.5,1,151,1,0,1,0,0
957,63,37,185,2,7.9,2,358,0,0,1,0,1
958,52,26,83,1,3.1,1,0,0,0,1,0,1
959,27,2,130,3,4.4,1,192,0,0,1,0,1
960,32,6,35,3,1.0,1,0,1,0,1,0,0
961,32,7,81,2,3.4,2,0,0,0,0,1,1
962,36,11,39,4,1.7,1,0,0,0,1,0,0
963,26,1,18,2,0.9,3,95,0,0,0,0,0
964,58,33,18,3,0.1,2,110,0,0,1,0,0
965,38,13,119,1,3.3,2,0,0,1,1,1,1
966,60,34,11,4,0.7,3,0,0,0,1,0,0
967,50,26,12,1,0.2,1,96,0,0,0,0,0
968,37,12,123,4,3.1,2,253,0,1,1,1,1
969,53,29,154,4,7.4,3,0,0,0,0,0,1
970,26,2,51,4,2.6,1,0,0,0,1,0,0
971,61,36,29,2,0.5,2,0,0,0,1,0,0
972,46,21,80,4,0.4,1,0,0,0,1,1,0
973,28,3,173,2,6.7,1,222,0,0,1,0,0
974,49,24,138,2,2.2,2,0,0,0,1,0,1
975,32,6,29,1,1.9,3,0,0,0,1,1,0
976,27,1,142,3,5.5,1,0,0,0,0,0,1
977,31,5,28,4,0.8,1,0,0,0,0,0,0
978,44,20,185,3,2.7,1,0,0,0,1,0,1
979,44,18,129,1,5.7,1,0,0,0,1,0,0
980,32,6,98,2,4.5,3,306,0,0,0,0,0
981,38,14,80,2,2.7,1,0,0,0,1,0,0
982,38,14,182,3,2.6,3,0,0,1,1,1,1
983,43,19,81,1,0.3,1,218,0,0,1,0,0
984,59,35,84,1,1.8,3,0,0,0,1,1,0
985,26,2,85,2,2.5,1,0,0,0,0,0,0
986,40,16,69,4,2.4,1,0,0,0,1,0,0
987,52,28,178,3,5.4,3,147,0,0,1,0,1
988,29,3,103,4,3.4,1,0,0,0,1,0,1
989,45,21,40,3,0.6,2,0,0,0,1,1,0
990,61,35,30,2,0.2,3,0,0,0,1,0,0
991,63,37,124,3,5.0,2,170,0,0,0,0,1
992,58,32,191,4,5.2,3,194,0,0,0,1,1
993,29,4,183,3,8.3,3,0,0,0,1,0,1
994,44,20,130,4,3.2,2,0,0,0,0,0,1
995,64,39,182,1,1.2,2,547,0,0,1,0,1
996,41,16,155,1,7.0,1,0,0,0,0,0,0
997,61,36,188,1,9.3,2,0,0,0,0,0,1
998,63,38,111,2,3.9,1,207,1,1,1,1,0
999,43,18,85,1,4.0,3,287,0,0,1,0,0
1000,57,32,174,1,6.8,2,466,0,0,1,0,1
1001,37,13,111,1,0.8,2,0,0,0,0,0,0
1002,33,7,81,2,4.5,3,187,0,1,1,1,0
1003,29,5,162,1,4.3,1,0,0,0,0,1,0
1004,65,39,184,1,5.4,3,176,0,1,1,1,1
1005,30,6,193,3,6.3,3,0,0,0,1,0,1
1006,51,27,92,4,3.0,1,0,0,1,1,1,1
1007,57,32,30,2,2.0,2,0,0,0,0,0,0
1008,32,7,132,4,1.1,2,412,0,0,1,0,1
1009,46,22,83,3,0.7,1,0,0,0,0,0,0
1010,53,27,145,2,6.1,3,294,0,1,1,1,1
1011,38,14,105,2,1.9,1,0,0,0,1,0,0
1012,48,22,152,1,3.5,3,0,0,0,1,0,1
1013,31,5,125,2,1.3,1,0,0,0,1,1,0
1014,30,5,131,3,0.5,3,0,0,0,0,0,1
1015,50,25,83,4,3.1,1,0,0,0,0,1,1
1016,37,11,34,3,0.9,1,0,0,0,1,0,0
1017,43,19,123,3,1.3,1,0,0,0,1,0,1
1018,36,12,65,3,2.6,2,0,0,0,1,0,0
1019,24,-1,39,2,1.7,2,0,0,0,0,0,0
1020,33,7,29,1,0.6,3,0,0,0,0,0,0
1021,61,35,49,4,1.7,2,185,0,0,0,0,0
1022,30,4,85,4,2.1,3,0,0,0,1,0,0
1023,45,15,28,1,0.75,3,0,1,0,0,0,0
1024,40,16,140,3,5.6,1,0,0,0,0,0,1
1025,31,6,92,2,3.3,1,0,0,0,0,0,0
1026,56,26,74,1,3.0,3,0,0,0,0,0,0
1027,40,15,82,3,1.0,1,309,0,0,0,0,0
1028,39,12,108,4,3.67,2,301,0,0,0,1,1
1029,51,27,188,2,6.9,2,343,0,0,1,0,1
1030,59,35,102,4,3.0,2,115,0,0,1,0,1
1031,36,12,10,4,0.7,2,81,0,0,0,0,0
1032,37,11,123,1,2.3,2,0,1,1,1,0,1
1033,30,6,154,1,6.0,1,0,0,0,0,0,0
1034,26,0,195,3,6.33,3,0,1,1,1,0,1
1035,45,20,55,1,0.3,1,0,0,0,1,1,0
1036,39,14,74,3,3.0,1,0,0,0,0,0,0
1037,44,19,34,1,0.3,3,78,0,0,1,0,0
1038,34,9,141,3,6.9,2,260,0,0,1,0,1
1039,32,8,119,4,5.0,3,0,0,0,1,0,1
1040,56,31,65,3,1.7,1,109,0,0,0,0,0
1041,55,31,130,4,6.5,1,0,0,0,0,1,1
1042,62,38,43,4,1.2,2,0,0,0,1,0,0
1043,51,25,92,1,1.9,2,100,0,0,0,1,0
1044,53,26,25,2,1.0,2,0,0,1,1,1,0
1045,44,20,131,1,4.9,3,0,0,0,1,0,1
1046,34,9,164,1,6.0,3,0,0,0,1,0,1
1047,40,16,32,1,1.4,3,158,0,0,1,0,0
1048,57,33,182,2,3.3,3,372,0,0,0,0,1
1049,42,18,115,1,0.3,1,0,0,0,0,0,0
1050,51,25,34,3,0.9,3,111,0,0,1,0,0
1051,32,6,112,1,2.7,2,408,1,1,1,1,0
1052,63,37,44,2,1.0,3,0,0,0,1,0,0
1053,28,3,170,1,0.1,3,0,0,0,0,0,1
1054,28,2,41,3,1.1,2,161,0,0,1,0,0
1055,30,6,95,1,3.9,3,146,0,0,0,1,1
1056,62,37,32,3,0.2,1,0,1,0,0,1,0
1057,59,35,180,2,6.5,2,0,1,1,1,1,1
1058,60,34,64,3,2.2,3,0,0,0,0,0,0
1059,51,27,19,1,0.2,1,0,0,0,0,0,0
1060,51,25,33,3,0.9,3,0,0,0,1,1,0
1061,53,29,132,2,0.3,1,403,0,0,0,0,0
1062,48,23,75,4,3.6,3,0,0,0,1,1,0
1063,48,23,43,3,1.7,2,159,0,0,1,0,0
1064,53,27,139,1,0.9,3,0,0,0,0,0,1
1065,39,9,118,2,6.0,3,246,0,1,1,1,1
1066,55,30,82,4,3.8,2,0,0,0,1,0,0
1067,53,27,174,1,2.9,2,0,0,0,1,0,1
1068,28,3,161,4,1.7,3,422,0,1,1,1,1
1069,58,32,41,1,0.2,1,81,0,0,1,0,0
1070,52,22,154,1,5.0,3,0,1,1,1,0,1
1071,33,7,83,1,2.5,1,0,1,1,1,1,0
1072,35,11,53,3,2.8,1,0,0,0,0,0,0
1073,37,11,60,3,0.5,3,0,0,0,1,0,0
1074,42,17,139,2,2.9,3,0,0,0,1,0,1
1075,51,25,68,2,1.5,2,117,0,0,0,1,0
1076,58,32,74,2,2.3,3,0,0,0,0,1,0
1077,59,33,111,3,4.4,1,0,0,0,1,0,0
1078,54,28,61,3,3.0,2,0,0,0,1,1,0
1079,29,5,135,3,5.3,1,0,0,1,1,1,1
1080,32,8,43,1,2.1,3,0,0,0,0,1,0
1081,50,24,179,1,1.0,1,0,0,0,1,0,0
1082,56,32,173,1,4.6,2,88,0,1,1,0,1
1083,41,16,25,2,0.1,2,91,1,0,0,0,0
1084,47,23,170,2,6.5,2,0,0,1,1,1,1
1085,35,11,160,4,5.7,3,0,1,0,0,0,1
1086,30,5,171,2,1.9,2,0,0,0,0,0,1
1087,28,3,51,2,1.6,3,123,0,0,0,0,0
1088,62,36,63,1,2.5,3,0,0,0,1,1,0
1089,51,25,104,1,4.2,2,0,0,0,1,0,1
1090,60,36,165,3,5.6,1,0,0,0,0,1,1
1091,47,23,88,4,1.4,2,0,0,0,0,0,0
1092,50,24,94,1,4.9,1,272,0,0,1,0,0
1093,48,23,84,4,3.1,2,0,1,1,1,0,1
1094,30,5,121,2,3.1,1,408,0,0,1,0,0
1095,26,1,184,2,4.2,3,577,0,1,1,1,1
1096,59,33,140,2,0.5,1,262,0,0,1,0,0
1097,58,34,151,3,0.6,2,0,0,0,0,0,1
1098,41,17,55,2,1.7,1,0,0,0,0,0,0
1099,40,15,180,1,4.1,1,0,0,0,0,0,0
1100,46,22,72,4,1.4,2,149,0,0,1,1,0
1101,59,33,100,2,2.0,1,127,0,0,0,0,0
1102,60,34,43,1,1.4,1,0,0,0,1,1,0
1103,28,3,71,1,3.3,2,149,1,1,1,0,1
1104,59,34,114,3,4.2,2,0,0,0,1,0,1
1105,52,28,168,3,6.5,3,118,0,0,1,0,1
1106,32,7,129,4,5.2,2,0,0,0,0,1,1
1107,39,15,109,1,1.7,1,0,0,0,1,0,0
1108,24,0,135,1,1.5,1,0,0,0,1,0,0
1109,64,38,22,2,0.2,3,0,1,0,0,0,0
1110,43,19,73,3,2.33,1,0,1,1,1,1,0
1111,56,30,81,4,2.6,3,0,0,0,1,0,0
1112,34,9,71,4,1.3,1,0,0,0,1,0,0
1113,54,29,49,2,2.1,3,95,0,0,1,1,0
1114,35,9,103,2,4.5,3,0,0,0,1,0,0
1115,31,7,140,1,4.0,1,0,0,0,0,1,0
1116,60,36,59,1,0.0,2,0,1,0,0,0,0
1117,32,8,42,1,0.2,3,102,0,0,1,0,0
1118,43,19,161,2,7.5,1,0,0,0,0,0,0
1119,33,3,59,2,1.75,3,0,0,0,1,0,0
1120,34,10,45,1,1.33,1,0,0,0,0,0,0
1121,36,12,84,1,0.8,2,0,0,0,1,1,0
1122,63,39,160,2,2.1,1,0,0,0,1,1,0
1123,31,7,71,1,0.1,1,78,1,0,0,0,0
1124,40,14,22,2,1.4,3,0,0,0,0,0,0
1125,51,25,65,3,0.7,2,0,0,0,0,0,0
1126,58,34,48,4,1.3,2,0,0,0,1,1,0
1127,49,24,43,4,1.9,3,0,0,0,1,0,0
1128,57,32,44,3,0.5,2,0,0,0,1,0,0
1129,31,5,84,1,2.9,3,105,0,0,0,1,0
1130,43,19,83,4,3.6,3,0,0,0,0,1,1
1131,33,9,20,4,0.7,2,0,0,0,1,0,0
1132,63,39,41,4,1.3,2,0,0,0,1,0,0
1133,58,32,32,3,1.4,1,0,0,0,1,0,0
1134,56,32,158,3,3.7,3,0,0,0,1,0,1
1135,46,20,152,1,7.4,3,374,0,1,1,1,1
1136,43,16,161,3,8.0,2,0,0,1,1,1,1
1137,53,26,22,1,0.5,2,0,0,0,1,1,0
1138,43,18,179,3,1.2,1,0,1,1,1,0,1
1139,30,5,122,2,3.1,1,0,0,0,0,0,0
1140,45,21,133,4,5.7,3,0,0,1,1,1,1
1141,63,39,50,1,0.0,2,166,0,0,0,0,0
1142,39,13,59,4,0.2,3,0,1,0,0,1,0
1143,43,19,74,4,1.9,1,0,0,0,0,1,0
1144,29,4,120,1,4.1,2,0,1,1,0,1,1
1145,39,13,68,3,2.1,1,0,1,0,1,0,0
1146,35,9,63,2,1.8,1,0,0,0,1,0,0
1147,39,15,24,1,1.0,1,116,0,0,1,1,0
1148,56,31,131,2,1.2,3,0,0,0,0,0,1
1149,35,5,81,4,4.0,3,0,0,0,1,0,0
1150,60,35,130,3,6.3,3,437,0,1,1,1,1
1151,34,9,191,1,4.8,3,0,0,1,1,1,1
1152,46,20,103,4,4.8,3,0,0,0,1,0,1
1153,28,4,94,3,0.8,1,236,0,0,1,0,0
1154,50,25,160,4,4.3,3,410,0,0,0,0,1
1155,63,37,118,1,2.0,1,427,0,0,0,0,0
1156,46,22,183,1,3.1,2,0,0,1,1,1,1
1157,45,20,144,4,5.4,1,210,0,0,1,0,1
